time_s,duty_ideal,duty_quantized,voltage_quantized_V
0,0,0,0
0.001,0,0,0
0.002,0,0,0
0.003,0,0,0
0.004,0,0,0
0.005,0,0,0
0.006,0,0,0
0.007,0,0,0
0.008,0,0,0
0.009,0,0,0
0.01,0,0,0
0.011,0,0,0
0.012,0,0,0
0.013,0,0,0
0.014,0,0,0
0.015,0,0,0
0.016,0,0,0
0.017,0,0,0
0.018,0,0,0
0.019,0,0,0
0.02,0,0,0
0.021,0,0,0
0.022,0,0,0
0.023,0,0,0
0.024,0,0,0
0.025,0,0,0
0.026,0,0,0
0.027,0,0,0
0.028,0,0,0
0.029,0,0,0
0.03,0,0,0
0.031,0,0,0
0.032,0,0,0
0.033,0,0,0
0.034,0,0,0
0.035,0,0,0
0.036,0,0,0
0.037,0,0,0
0.038,0,0,0
0.039,0,0,0
0.04,0,0,0
0.041,0,0,0
0.042,0,0,0
0.043,0,0,0
0.044,0,0,0
0.045,0,0,0
0.046,0,0,0
0.047,0,0,0
0.048,0,0,0
0.049,0,0,0
0.05,0.516963058854115,0.516971916971917,6.203663003663
0.051,0.521218829029335,0.521123321123321,6.25347985347985
0.052,0.522383771461842,0.522344322344322,6.26813186813187
0.053,0.522373748762633,0.522344322344322,6.26813186813187
0.054,0.521921027269837,0.521855921855922,6.26227106227106
0.055,0.521305432616716,0.521367521367521,6.25641025641026
0.056,0.520633841540798,0.520634920634921,6.24761904761905
0.057,0.519947020519646,0.51990231990232,6.23882783882784
0.058,0.519260465934024,0.519169719169719,6.23003663003663
0.059,0.518580015628137,0.518681318681319,6.22417582417583
0.06,0.517907816573986,0.517948717948718,6.21538461538462
0.061,0.517244606056386,0.517216117216117,6.20659340659341
0.062,0.516590583663111,0.516483516483517,6.1978021978022
0.063,0.515945744595846,0.515995115995116,6.19194139194139
0.064,0.515310007065656,0.515262515262515,6.18315018315018
0.065,0.514683260975329,0.514774114774115,6.17728937728938
0.066,0.514065386513038,0.514041514041514,6.16849816849817
0.067,0.513456261244493,0.513553113553114,6.16263736263736
0.068,0.512855762808758,0.512820512820513,6.15384615384615
0.069,0.512263769933719,0.512332112332112,6.14798534798535
0.07,0.511680162809435,0.511599511599512,6.13919413919414
0.071,0.511104823216236,0.511111111111111,6.13333333333333
0.072,0.510537634559285,0.510622710622711,6.12747252747253
0.073,0.509978481867569,0.50989010989011,6.11868131868132
0.074,0.509427251779501,0.509401709401709,6.11282051282051
0.075,0.508883832523599,0.508913308913309,6.10695970695971
0.076,0.508348113897469,0.508424908424908,6.1010989010989
0.077,0.507819987246334,0.507936507936508,6.09523809523809
0.078,0.507299345441573,0.507203907203907,6.08644688644689
0.079,0.506786082859458,0.506715506715507,6.08058608058608
0.08,0.506280095360128,0.506227106227106,6.07472527472527
0.081,0.505781280266859,0.505738705738706,6.06886446886447
0.082,0.505289536345602,0.505250305250305,6.06300366300366
0.083,0.50480476378481,0.504761904761905,6.05714285714286
0.084,0.50432686417554,0.504273504273504,6.05128205128205
0.085,0.50385574049184,0.503785103785104,6.04542124542125
0.086,0.503391297071401,0.503296703296703,6.03956043956044
0.087,0.502933439596482,0.503052503052503,6.03663003663004
0.088,0.502482075075095,0.502564102564103,6.03076923076923
0.089,0.502037111822463,0.502075702075702,6.02490842490842
0.09,0.501598459442726,0.501587301587302,6.01904761904762
0.091,0.501166028810904,0.501098901098901,6.01318681318681
0.092,0.500739732055116,0.500854700854701,6.01025641025641
0.093,0.500319482539039,0.5003663003663,6.0043956043956
0.094,0.499905194844619,0.4998778998779,5.9985347985348
0.095,0.499496784755015,0.499389499389499,5.99267399267399
0.096,0.49909416923779,0.499145299145299,5.98974358974359
0.097,0.498697266428324,0.498656898656899,5.98388278388278
0.098,0.498305995613471,0.498412698412698,5.98095238095238
0.099,0.497920277215434,0.497924297924298,5.97509157509158
0.1,0.49754003277587,0.497435897435897,5.96923076923077
0.101,0.497165184940212,0.497191697191697,5.96630036630037
0.102,0.496795657442216,0.496703296703297,5.96043956043956
0.103,0.496431375088716,0.496459096459096,5.95750915750916
0.104,0.496072263744596,0.495970695970696,5.95164835164835
0.105,0.495718250317972,0.495726495726496,5.94871794871795
0.106,0.495369262745577,0.495482295482295,5.94578754578755
0.107,0.495025229978353,0.494993894993895,5.93992673992674
0.108,0.494686081967239,0.494749694749695,5.93699633699634
0.109,0.494351749649168,0.494261294261294,5.93113553113553
0.11,0.494022164933244,0.494017094017094,5.92820512820513
0.111,0.493697260687123,0.493772893772894,5.92527472527473
0.112,0.493376970723584,0.493284493284493,5.91941391941392
0.113,0.493061229787275,0.493040293040293,5.91648351648352
0.114,0.492749973541664,0.492796092796093,5.91355311355311
0.115,0.492443138556151,0.492551892551893,5.91062271062271
0.116,0.492140662293374,0.492063492063492,5.9047619047619
0.117,0.491842483096687,0.491819291819292,5.9018315018315
0.118,0.491548540177815,0.491575091575092,5.8989010989011
0.119,0.491258773604674,0.491330891330891,5.8959706959707
0.12,0.490973124289373,0.491086691086691,5.89304029304029
0.121,0.490691533976372,0.490598290598291,5.88717948717949
0.122,0.490413945230814,0.49035409035409,5.88424908424908
0.123,0.490140301427012,0.49010989010989,5.88131868131868
0.124,0.489870546737103,0.48986568986569,5.87838827838828
0.125,0.489604626119859,0.48962148962149,5.87545787545788
0.126,0.489342485309649,0.489377289377289,5.87252747252747
0.127,0.489084070805564,0.489133089133089,5.86959706959707
0.128,0.488829329860686,0.488888888888889,5.86666666666667
0.129,0.488578210471513,0.488644688644689,5.86373626373626
0.13,0.488330661367524,0.488400488400488,5.86080586080586
0.131,0.488086632000897,0.488156288156288,5.85787545787546
0.132,0.48784607253637,0.487912087912088,5.85494505494505
0.133,0.487608933841238,0.487667887667888,5.85201465201465
0.134,0.487375167475492,0.487423687423687,5.84908424908425
0.135,0.487144725682104,0.487179487179487,5.84615384615385
0.136,0.486917561377431,0.486935286935287,5.84322344322344
0.137,0.486693628141772,0.486691086691087,5.84029304029304
0.138,0.48647288021004,0.486446886446886,5.83736263736264
0.139,0.486255272462576,0.486202686202686,5.83443223443223
0.14,0.486040760416087,0.485958485958486,5.83150183150183
0.141,0.485829300214711,0.485714285714286,5.82857142857143
0.142,0.485620848621204,0.485714285714286,5.82857142857143
0.143,0.485415363008257,0.485470085470085,5.82564102564103
0.144,0.485212801349928,0.485225885225885,5.82271062271062
0.145,0.485013122213196,0.484981684981685,5.81978021978022
0.146,0.484816284749633,0.484737484737485,5.81684981684982
0.147,0.484622248687196,0.484737484737485,5.81684981684982
0.148,0.484430974322124,0.484493284493284,5.81391941391941
0.149,0.484242422510961,0.484249084249084,5.81098901098901
0.15,0.484056554662679,0.484004884004884,5.80805860805861
0.151,0.483873332730921,0.483760683760684,5.8051282051282
0.152,0.483692719206343,0.483760683760684,5.8051282051282
0.153,0.483514677109072,0.483516483516484,5.8021978021978
0.154,0.483339169981263,0.483272283272283,5.7992673992674
0.155,0.483166161879763,0.483272283272283,5.7992673992674
0.156,0.482995617368877,0.483028083028083,5.796336996337
0.157,0.482827501513236,0.482783882783883,5.79340659340659
0.158,0.482661779870764,0.482539682539683,5.79047619047619
0.159,0.482498418485741,0.482539682539683,5.79047619047619
0.16,0.48233738388197,0.482295482295482,5.78754578754579
0.161,0.482178643056032,0.482295482295482,5.78754578754579
0.162,0.482022163470639,0.482051282051282,5.78461538461538
0.163,0.48186791304808,0.481807081807082,5.78168498168498
0.164,0.481715860163758,0.481807081807082,5.78168498168498
0.165,0.481565973639818,0.481562881562882,5.77875457875458
0.166,0.481418222738865,0.481318681318681,5.77582417582418
0.167,0.481272577157766,0.481318681318681,5.77582417582418
0.168,0.481129007021546,0.481074481074481,5.77289377289377
0.169,0.480987482877361,0.481074481074481,5.77289377289377
0.17,0.48084797568856,0.480830280830281,5.76996336996337
0.171,0.480710456828835,0.480830280830281,5.76996336996337
0.172,0.48057489807644,0.480586080586081,5.76703296703297
0.173,0.480441271608504,0.48034188034188,5.76410256410256
0.174,0.480309549995415,0.48034188034188,5.76410256410256
0.175,0.480179706195288,0.48009768009768,5.76117216117216
0.176,0.480051713548508,0.48009768009768,5.76117216117216
0.177,0.47992554577235,0.47985347985348,5.75824175824176
0.178,0.479801176955672,0.47985347985348,5.75824175824176
0.179,0.479678581553688,0.47960927960928,5.75531135531136
0.18,0.479557734382807,0.47960927960928,5.75531135531136
0.181,0.479438610615553,0.479365079365079,5.75238095238095
0.182,0.479321185775547,0.479365079365079,5.75238095238095
0.183,0.479205435732564,0.479120879120879,5.74945054945055
0.184,0.479091336697662,0.479120879120879,5.74945054945055
0.185,0.478978865218374,0.478876678876679,5.74652014652015
0.186,0.47886799817397,0.478876678876679,5.74652014652015
0.187,0.478758712770782,0.478876678876679,5.74652014652015
0.188,0.478650986537605,0.478632478632479,5.74358974358974
0.189,0.478544797321146,0.478632478632479,5.74358974358974
0.19,0.478440123281554,0.478388278388278,5.74065934065934
0.191,0.478336942887999,0.478388278388278,5.74065934065934
0.192,0.47823523491432,0.478144078144078,5.73772893772894
0.193,0.478134978434733,0.478144078144078,5.73772893772894
0.194,0.478036152819599,0.478144078144078,5.73772893772894
0.195,0.477938737731251,0.477899877899878,5.73479853479853
0.196,0.477842713119879,0.477899877899878,5.73479853479853
0.197,0.477748059219472,0.477655677655678,5.73186813186813
0.198,0.477654756543823,0.477655677655678,5.73186813186813
0.199,0.477562785882581,0.477655677655678,5.73186813186813
0.2,0.477472128297362,0.477411477411477,5.72893772893773
0.201,0.477382765117921,0.477411477411477,5.72893772893773
0.202,0.477294677938366,0.477411477411477,5.72893772893773
0.203,0.477207848613433,0.477167277167277,5.72600732600733
0.204,0.477122259254815,0.477167277167277,5.72600732600733
0.205,0.477037892227532,0.476923076923077,5.72307692307692
0.206,0.476954730146366,0.476923076923077,5.72307692307692
0.207,0.476872755872333,0.476923076923077,5.72307692307692
0.208,0.476791952509216,0.476678876678877,5.72014652014652
0.209,0.476712303400137,0.476678876678877,5.72014652014652
0.21,0.476633792124182,0.476678876678877,5.72014652014652
0.211,0.476556402493074,0.476434676434676,5.71721611721612
0.212,0.476480118547891,0.476434676434676,5.71721611721612
0.213,0.47640492455583,0.476434676434676,5.71721611721612
0.214,0.476330805007016,0.476434676434676,5.71721611721612
0.215,0.476257744611361,0.476190476190476,5.71428571428571
0.216,0.476185728295456,0.476190476190476,5.71428571428571
0.217,0.47611474119952,0.476190476190476,5.71428571428571
0.218,0.47604476867438,0.475946275946276,5.71135531135531
0.219,0.475975796278505,0.475946275946276,5.71135531135531
0.22,0.475907809775067,0.475946275946276,5.71135531135531
0.221,0.475840795129062,0.475946275946276,5.71135531135531
0.222,0.475774738504452,0.475702075702076,5.70842490842491
0.223,0.475709626261363,0.475702075702076,5.70842490842491
0.224,0.47564544495331,0.475702075702076,5.70842490842491
0.225,0.475582181324472,0.475702075702076,5.70842490842491
0.226,0.475519822306998,0.475457875457875,5.7054945054945
0.227,0.475458355018351,0.475457875457875,5.7054945054945
0.228,0.475397766758696,0.475457875457875,5.7054945054945
0.229,0.475338045008313,0.475457875457875,5.7054945054945
0.23,0.475279177425062,0.475213675213675,5.7025641025641
0.231,0.475221151841866,0.475213675213675,5.7025641025641
0.232,0.475163956264246,0.475213675213675,5.7025641025641
0.233,0.475107578867879,0.475213675213675,5.7025641025641
0.234,0.475052007996194,0.474969474969475,5.6996336996337
0.235,0.474997232158005,0.474969474969475,5.6996336996337
0.236,0.474943240025173,0.474969474969475,5.6996336996337
0.237,0.4748900204303,0.474969474969475,5.6996336996337
0.238,0.474837562364464,0.474725274725275,5.6967032967033
0.239,0.474785854974972,0.474725274725275,5.6967032967033
0.24,0.474734887563158,0.474725274725275,5.6967032967033
0.241,0.474684649582204,0.474725274725275,5.6967032967033
0.242,0.474635130634995,0.474725274725275,5.6967032967033
0.243,0.474586320472001,0.474481074481074,5.69377289377289
0.244,0.474538208989194,0.474481074481074,5.69377289377289
0.245,0.474490786225988,0.474481074481074,5.69377289377289
0.246,0.474444042363214,0.474481074481074,5.69377289377289
0.247,0.474397967721118,0.474481074481074,5.69377289377289
0.248,0.474352552757393,0.474236874236874,5.69084249084249
0.249,0.474307788065233,0.474236874236874,5.69084249084249
0.25,0.474263664371419,0.474236874236874,5.69084249084249
0.251,0.474220172534427,0.474236874236874,5.69084249084249
0.252,0.474177303542569,0.474236874236874,5.69084249084249
0.253,0.474135048512155,0.474236874236874,5.69084249084249
0.254,0.474093398685683,0.473992673992674,5.68791208791209
0.255,0.474052345430054,0.473992673992674,5.68791208791209
0.256,0.474011880234812,0.473992673992674,5.68791208791209
0.257,0.47397199471041,0.473992673992674,5.68791208791209
0.258,0.473932680586497,0.473992673992674,5.68791208791209
0.259,0.473893929710236,0.473992673992674,5.68791208791209
0.26,0.473855734044637,0.473748473748474,5.68498168498168
0.261,0.47381808566692,0.473748473748474,5.68498168498168
0.262,0.473780976766898,0.473748473748474,5.68498168498168
0.263,0.473744399645384,0.473748473748474,5.68498168498168
0.264,0.473708346712621,0.473748473748474,5.68498168498168
0.265,0.473672810486731,0.473748473748474,5.68498168498168
0.266,0.473637783592189,0.473748473748474,5.68498168498168
0.267,0.473603258758321,0.473504273504273,5.68205128205128
0.268,0.473569228817811,0.473504273504273,5.68205128205128
0.269,0.473535686705248,0.473504273504273,5.68205128205128
0.27,0.473502625455678,0.473504273504273,5.68205128205128
0.271,0.473470038203179,0.473504273504273,5.68205128205128
0.272,0.473437918179466,0.473504273504273,5.68205128205128
0.273,0.473406258712502,0.473504273504273,5.68205128205128
0.274,0.473375053225138,0.473260073260073,5.67912087912088
0.275,0.473344295233768,0.473260073260073,5.67912087912088
0.276,0.473313978347007,0.473260073260073,5.67912087912088
0.277,0.473284096264379,0.473260073260073,5.67912087912088
0.278,0.473254642775036,0.473260073260073,5.67912087912088
0.279,0.473225611756483,0.473260073260073,5.67912087912088
0.28,0.473196997173329,0.473260073260073,5.67912087912088
0.281,0.473168793076054,0.473260073260073,5.67912087912088
0.282,0.473140993599789,0.473260073260073,5.67912087912088
0.283,0.473113592963119,0.473015873015873,5.67619047619048
0.284,0.473086585466899,0.473015873015873,5.67619047619048
0.285,0.473059965493091,0.473015873015873,5.67619047619048
0.286,0.47303372750361,0.473015873015873,5.67619047619048
0.287,0.473007866039196,0.473015873015873,5.67619047619048
0.288,0.472982375718292,0.473015873015873,5.67619047619048
0.289,0.472957251235946,0.473015873015873,5.67619047619048
0.29,0.472932487362722,0.473015873015873,5.67619047619048
0.291,0.472908078943635,0.473015873015873,5.67619047619048
0.292,0.472884020897089,0.472771672771673,5.67326007326007
0.293,0.472860308213839,0.472771672771673,5.67326007326007
0.294,0.472836935955967,0.472771672771673,5.67326007326007
0.295,0.472813899255869,0.472771672771673,5.67326007326007
0.296,0.472791193315257,0.472771672771673,5.67326007326007
0.297,0.472768813404177,0.472771672771673,5.67326007326007
0.298,0.472746754860042,0.472771672771673,5.67326007326007
0.299,0.472725013086671,0.472771672771673,5.67326007326007
0.3,0.472703583553354,0.472771672771673,5.67326007326007
0.301,0.472682461793917,0.472771672771673,5.67326007326007
0.302,0.47266164340581,0.472771672771673,5.67326007326007
0.303,0.472641124049205,0.472527472527473,5.67032967032967
0.304,0.472620899446103,0.472527472527473,5.67032967032967
0.305,0.47260096537946,0.472527472527473,5.67032967032967
0.306,0.47258131769232,0.472527472527473,5.67032967032967
0.307,0.472561952286963,0.472527472527473,5.67032967032967
0.308,0.472542865124063,0.472527472527473,5.67032967032967
0.309,0.472524052221865,0.472527472527473,5.67032967032967
0.31,0.472505509655358,0.472527472527473,5.67032967032967
0.311,0.472487233555479,0.472527472527473,5.67032967032967
0.312,0.472469220108314,0.472527472527473,5.67032967032967
0.313,0.472451465554315,0.472527472527473,5.67032967032967
0.314,0.472433966187532,0.472527472527473,5.67032967032967
0.315,0.472416718354846,0.472527472527473,5.67032967032967
0.316,0.472399718455226,0.472283272283272,5.66739926739927
0.317,0.472382962938982,0.472283272283272,5.66739926739927
0.318,0.472366448307044,0.472283272283272,5.66739926739927
0.319,0.472350171110234,0.472283272283272,5.66739926739927
0.32,0.472334127948568,0.472283272283272,5.66739926739927
0.321,0.472318315470546,0.472283272283272,5.66739926739927
0.322,0.472302730372473,0.472283272283272,5.66739926739927
0.323,0.472287369397775,0.472283272283272,5.66739926739927
0.324,0.47227222933633,0.472283272283272,5.66739926739927
0.325,0.47225730702381,0.472283272283272,5.66739926739927
0.326,0.472242599341029,0.472283272283272,5.66739926739927
0.327,0.4722281032133,0.472283272283272,5.66739926739927
0.328,0.472213815609809,0.472283272283272,5.66739926739927
0.329,0.472199733542982,0.472283272283272,5.66739926739927
0.33,0.472185854067879,0.472283272283272,5.66739926739927
0.331,0.472172174281586,0.472283272283272,5.66739926739927
0.332,0.472158691322613,0.472039072039072,5.66446886446886
0.333,0.472145402370313,0.472039072039072,5.66446886446886
0.334,0.472132304644293,0.472039072039072,5.66446886446886
0.335,0.472119395403851,0.472039072039072,5.66446886446886
0.336,0.472106671947404,0.472039072039072,5.66446886446886
0.337,0.472094131611935,0.472039072039072,5.66446886446886
0.338,0.472081771772447,0.472039072039072,5.66446886446886
0.339,0.472069589841417,0.472039072039072,5.66446886446886
0.34,0.472057583268268,0.472039072039072,5.66446886446886
0.341,0.472045749538841,0.472039072039072,5.66446886446886
0.342,0.47203408617488,0.472039072039072,5.66446886446886
0.343,0.472022590733517,0.472039072039072,5.66446886446886
0.344,0.472011260806773,0.472039072039072,5.66446886446886
0.345,0.472000094021059,0.472039072039072,5.66446886446886
0.346,0.471989088036687,0.472039072039072,5.66446886446886
0.347,0.471978240547391,0.472039072039072,5.66446886446886
0.348,0.471967549279846,0.472039072039072,5.66446886446886
0.349,0.471957011993206,0.472039072039072,5.66446886446886
0.35,0.471946626478635,0.472039072039072,5.66446886446886
0.351,0.471936390558857,0.472039072039072,5.66446886446886
0.352,0.471926302087704,0.472039072039072,5.66446886446886
0.353,0.471916358949674,0.471794871794872,5.66153846153846
0.354,0.471906559059497,0.471794871794872,5.66153846153846
0.355,0.471896900361701,0.471794871794872,5.66153846153846
0.356,0.471887380830188,0.471794871794872,5.66153846153846
0.357,0.471877998467819,0.471794871794872,5.66153846153846
0.358,0.471868751306002,0.471794871794872,5.66153846153846
0.359,0.47185963740428,0.471794871794872,5.66153846153846
0.36,0.471850654849938,0.471794871794872,5.66153846153846
0.361,0.471841801757602,0.471794871794872,5.66153846153846
0.362,0.471833076268852,0.471794871794872,5.66153846153846
0.363,0.47182447655184,0.471794871794872,5.66153846153846
0.364,0.471816000800909,0.471794871794872,5.66153846153846
0.365,0.471807647236222,0.471794871794872,5.66153846153846
0.366,0.471799414103391,0.471794871794872,5.66153846153846
0.367,0.471791299673118,0.471794871794872,5.66153846153846
0.368,0.471783302240839,0.471794871794872,5.66153846153846
0.369,0.471775420126366,0.471794871794872,5.66153846153846
0.37,0.471767651673543,0.471794871794872,5.66153846153846
0.371,0.471759995249907,0.471794871794872,5.66153846153846
0.372,0.471752449246343,0.471794871794872,5.66153846153846
0.373,0.471745012076759,0.471794871794872,5.66153846153846
0.374,0.471737682177751,0.471794871794872,5.66153846153846
0.375,0.471730458008287,0.471794871794872,5.66153846153846
0.376,0.471723338049382,0.471794871794872,5.66153846153846
0.377,0.471716320803787,0.471794871794872,5.66153846153846
0.378,0.471709404795678,0.471794871794872,5.66153846153846
0.379,0.471702588570352,0.471794871794872,5.66153846153846
0.38,0.471695870693924,0.471794871794872,5.66153846153846
0.381,0.471689249753032,0.471794871794872,5.66153846153846
0.382,0.471682724354545,0.471794871794872,5.66153846153846
0.383,0.471676293125271,0.471794871794872,5.66153846153846
0.384,0.471669954711677,0.471550671550672,5.65860805860806
0.385,0.471663707779607,0.471550671550672,5.65860805860806
0.386,0.471657551014004,0.471550671550672,5.65860805860806
0.387,0.471651483118641,0.471550671550672,5.65860805860806
0.388,0.47164550281585,0.471550671550672,5.65860805860806
0.389,0.471639608846258,0.471550671550672,5.65860805860806
0.39,0.471633799968527,0.471550671550672,5.65860805860806
0.391,0.471628074959095,0.471550671550672,5.65860805860806
0.392,0.471622432611924,0.471550671550672,5.65860805860806
0.393,0.471616871738251,0.471550671550672,5.65860805860806
0.394,0.471611391166336,0.471550671550672,5.65860805860806
0.395,0.471605989741228,0.471550671550672,5.65860805860806
0.396,0.471600666324518,0.471550671550672,5.65860805860806
0.397,0.471595419794107,0.471550671550672,5.65860805860806
0.398,0.471590249043969,0.471550671550672,5.65860805860806
0.399,0.47158515298393,0.471550671550672,5.65860805860806
0.4,0.471580130539432,0.471550671550672,5.65860805860806
0.401,0.471575180651315,0.471550671550672,5.65860805860806
0.402,0.471570302275601,0.471550671550672,5.65860805860806
0.403,0.471565494383267,0.471550671550672,5.65860805860806
0.404,0.471560755960043,0.471550671550672,5.65860805860806
0.405,0.471556086006193,0.471550671550672,5.65860805860806
0.406,0.471551483536312,0.471550671550672,5.65860805860806
0.407,0.47154694757912,0.471550671550672,5.65860805860806
0.408,0.47154247717726,0.471550671550672,5.65860805860806
0.409,0.471538071387099,0.471550671550672,5.65860805860806
0.41,0.471533729278536,0.471550671550672,5.65860805860806
0.411,0.471529449934801,0.471550671550672,5.65860805860806
0.412,0.471525232452272,0.471550671550672,5.65860805860806
0.413,0.471521075940283,0.471550671550672,5.65860805860806
0.414,0.471516979520941,0.471550671550672,5.65860805860806
0.415,0.471512942328942,0.471550671550672,5.65860805860806
0.416,0.471508963511395,0.471550671550672,5.65860805860806
0.417,0.471505042227637,0.471550671550672,5.65860805860806
0.418,0.471501177649067,0.471550671550672,5.65860805860806
0.419,0.471497368958969,0.471550671550672,5.65860805860806
0.42,0.47149361535234,0.471550671550672,5.65860805860806
0.421,0.47148991603573,0.471550671550672,5.65860805860806
0.422,0.47148627022707,0.471550671550672,5.65860805860806
0.423,0.471482677155513,0.471550671550672,5.65860805860806
0.424,0.471479136061271,0.471550671550672,5.65860805860806
0.425,0.471475646195459,0.471550671550672,5.65860805860806
0.426,0.471472206819941,0.471550671550672,5.65860805860806
0.427,0.471468817207172,0.471550671550672,5.65860805860806
0.428,0.471465476640048,0.471550671550672,5.65860805860806
0.429,0.471462184411758,0.471550671550672,5.65860805860806
0.43,0.471458939825639,0.471550671550672,5.65860805860806
0.431,0.471455742195023,0.471550671550672,5.65860805860806
0.432,0.471452590843105,0.471550671550672,5.65860805860806
0.433,0.471449485102792,0.471550671550672,5.65860805860806
0.434,0.47144642431657,0.471550671550672,5.65860805860806
0.435,0.471443407836366,0.471550671550672,5.65860805860806
0.436,0.471440435023411,0.471550671550672,5.65860805860806
0.437,0.471437505248111,0.471550671550672,5.65860805860806
0.438,0.47143461788991,0.471550671550672,5.65860805860806
0.439,0.471431772337166,0.471550671550672,5.65860805860806
0.44,0.471428967987021,0.471550671550672,5.65860805860806
0.441,0.471426204245276,0.471306471306471,5.65567765567766
0.442,0.471423480526265,0.471306471306471,5.65567765567766
0.443,0.471420796252738,0.471306471306471,5.65567765567766
0.444,0.471418150855734,0.471306471306471,5.65567765567766
0.445,0.47141554377447,0.471306471306471,5.65567765567766
0.446,0.471412974456215,0.471306471306471,5.65567765567766
0.447,0.471410442356183,0.471306471306471,5.65567765567766
0.448,0.471407946937414,0.471306471306471,5.65567765567766
0.449,0.471405487670667,0.471306471306471,5.65567765567766
0.45,0.471403064034302,0.471306471306471,5.65567765567766
0.451,0.471400675514178,0.471306471306471,5.65567765567766
0.452,0.471398321603544,0.471306471306471,5.65567765567766
0.453,0.47139600180293,0.471306471306471,5.65567765567766
0.454,0.471393715620049,0.471306471306471,5.65567765567766
0.455,0.471391462569686,0.471306471306471,5.65567765567766
0.456,0.471389242173605,0.471306471306471,5.65567765567766
0.457,0.471387053960444,0.471306471306471,5.65567765567766
0.458,0.471384897465616,0.471306471306471,5.65567765567766
0.459,0.471382772231216,0.471306471306471,5.65567765567766
0.46,0.471380677805923,0.471306471306471,5.65567765567766
0.461,0.471378613744904,0.471306471306471,5.65567765567766
0.462,0.471376579609727,0.471306471306471,5.65567765567766
0.463,0.47137457496826,0.471306471306471,5.65567765567766
0.464,0.471372599394589,0.471306471306471,5.65567765567766
0.465,0.471370652468926,0.471306471306471,5.65567765567766
0.466,0.471368733777521,0.471306471306471,5.65567765567766
0.467,0.471366842912574,0.471306471306471,5.65567765567766
0.468,0.471364979472154,0.471306471306471,5.65567765567766
0.469,0.47136314306011,0.471306471306471,5.65567765567766
0.47,0.471361333285993,0.471306471306471,5.65567765567766
0.471,0.471359549764968,0.471306471306471,5.65567765567766
0.472,0.471357792117743,0.471306471306471,5.65567765567766
0.473,0.471356059970477,0.471306471306471,5.65567765567766
0.474,0.471354352954716,0.471306471306471,5.65567765567766
0.475,0.471352670707302,0.471306471306471,5.65567765567766
0.476,0.471351012870309,0.471306471306471,5.65567765567766
0.477,0.471349379090959,0.471306471306471,5.65567765567766
0.478,0.471347769021554,0.471306471306471,5.65567765567766
0.479,0.4713461823194,0.471306471306471,5.65567765567766
0.48,0.471344618646736,0.471306471306471,5.65567765567766
0.481,0.471343077670665,0.471306471306471,5.65567765567766
0.482,0.471341559063082,0.471306471306471,5.65567765567766
0.483,0.471340062500605,0.471306471306471,5.65567765567766
0.484,0.471338587664511,0.471306471306471,5.65567765567766
0.485,0.471337134240664,0.471306471306471,5.65567765567766
0.486,0.471335701919453,0.471306471306471,5.65567765567766
0.487,0.471334290395726,0.471306471306471,5.65567765567766
0.488,0.471332899368726,0.471306471306471,5.65567765567766
0.489,0.471331528542026,0.471306471306471,5.65567765567766
0.49,0.471330177623471,0.471306471306471,5.65567765567766
0.491,0.471328846325114,0.471306471306471,5.65567765567766
0.492,0.471327534363156,0.471306471306471,5.65567765567766
0.493,0.471326241457885,0.471306471306471,5.65567765567766
0.494,0.471324967333622,0.471306471306471,5.65567765567766
0.495,0.471323711718657,0.471306471306471,5.65567765567766
0.496,0.471322474345198,0.471306471306471,5.65567765567766
0.497,0.471321254949308,0.471306471306471,5.65567765567766
0.498,0.471320053270857,0.471306471306471,5.65567765567766
0.499,0.471318869053464,0.471306471306471,5.65567765567766
0.5,0.47131770204444,0.471306471306471,5.65567765567766
0.501,0.471316551994741,0.471306471306471,5.65567765567766
0.502,0.471315418658911,0.471306471306471,5.65567765567766
0.503,0.471314301795033,0.471306471306471,5.65567765567766
0.504,0.471313201164679,0.471306471306471,5.65567765567766
0.505,0.471312116532854,0.471306471306471,5.65567765567766
0.506,0.471311047667956,0.471306471306471,5.65567765567766
0.507,0.471309994341719,0.471306471306471,5.65567765567766
0.508,0.471308956329171,0.471306471306471,5.65567765567766
0.509,0.47130793340858,0.471306471306471,5.65567765567766
0.51,0.471306925361417,0.471306471306471,5.65567765567766
0.511,0.4713059319723,0.471306471306471,5.65567765567766
0.512,0.471304953028955,0.471306471306471,5.65567765567766
0.513,0.471303988322172,0.471306471306471,5.65567765567766
0.514,0.471303037645755,0.471306471306471,5.65567765567766
0.515,0.471302100796484,0.471306471306471,5.65567765567766
0.516,0.471301177574071,0.471306471306471,5.65567765567766
0.517,0.471300267781117,0.471306471306471,5.65567765567766
0.518,0.471299371223072,0.471306471306471,5.65567765567766
0.519,0.471298487708191,0.471306471306471,5.65567765567766
0.52,0.471297617047498,0.471306471306471,5.65567765567766
0.521,0.471296759054743,0.471306471306471,5.65567765567766
0.522,0.471295913546363,0.471306471306471,5.65567765567766
0.523,0.471295080341445,0.471306471306471,5.65567765567766
0.524,0.471294259261688,0.471306471306471,5.65567765567766
0.525,0.471293450131363,0.471306471306471,5.65567765567766
0.526,0.471292652777279,0.471306471306471,5.65567765567766
0.527,0.471291867028742,0.471306471306471,5.65567765567766
0.528,0.471291092717526,0.471306471306471,5.65567765567766
0.529,0.471290329677832,0.471306471306471,5.65567765567766
0.53,0.471289577746254,0.471306471306471,5.65567765567766
0.531,0.471288836761746,0.471306471306471,5.65567765567766
0.532,0.471288106565589,0.471306471306471,5.65567765567766
0.533,0.471287387001353,0.471306471306471,5.65567765567766
0.534,0.47128667791487,0.471306471306471,5.65567765567766
0.535,0.471285979154196,0.471306471306471,5.65567765567766
0.536,0.471285290569582,0.471306471306471,5.65567765567766
0.537,0.471284612013444,0.471306471306471,5.65567765567766
0.538,0.471283943340328,0.471306471306471,5.65567765567766
0.539,0.471283284406881,0.471306471306471,5.65567765567766
0.54,0.471282635071822,0.471306471306471,5.65567765567766
0.541,0.47128199519591,0.471306471306471,5.65567765567766
0.542,0.471281364641917,0.471306471306471,5.65567765567766
0.543,0.471280743274596,0.471306471306471,5.65567765567766
0.544,0.471280130960656,0.471306471306471,5.65567765567766
0.545,0.471279527568731,0.471306471306471,5.65567765567766
0.546,0.471278932969354,0.471306471306471,5.65567765567766
0.547,0.47127834703493,0.471306471306471,5.65567765567766
0.548,0.471277769639705,0.471306471306471,5.65567765567766
0.549,0.471277200659747,0.471306471306471,5.65567765567766
0.55,0.471276639972912,0.471306471306471,5.65567765567766
0.551,0.471276087458823,0.471306471306471,5.65567765567766
0.552,0.471275542998843,0.471306471306471,5.65567765567766
0.553,0.471275006476051,0.471306471306471,5.65567765567766
0.554,0.471274477775214,0.471306471306471,5.65567765567766
0.555,0.471273956782769,0.471306471306471,5.65567765567766
0.556,0.471273443386791,0.471306471306471,5.65567765567766
0.557,0.471272937476977,0.471306471306471,5.65567765567766
0.558,0.471272438944618,0.471306471306471,5.65567765567766
0.559,0.471271947682575,0.471306471306471,5.65567765567766
0.56,0.471271463585262,0.471306471306471,5.65567765567766
0.561,0.471270986548617,0.471306471306471,5.65567765567766
0.562,0.471270516470087,0.471306471306471,5.65567765567766
0.563,0.4712700532486,0.471306471306471,5.65567765567766
0.564,0.471269596784545,0.471306471306471,5.65567765567766
0.565,0.471269146979755,0.471306471306471,5.65567765567766
0.566,0.471268703737483,0.471306471306471,5.65567765567766
0.567,0.471268266962379,0.471306471306471,5.65567765567766
0.568,0.471267836560476,0.471306471306471,5.65567765567766
0.569,0.471267412439164,0.471306471306471,5.65567765567766
0.57,0.471266994507177,0.471306471306471,5.65567765567766
0.571,0.471266582674565,0.471306471306471,5.65567765567766
0.572,0.471266176852684,0.471306471306471,5.65567765567766
0.573,0.471265776954172,0.471306471306471,5.65567765567766
0.574,0.47126538289293,0.471306471306471,5.65567765567766
0.575,0.471264994584106,0.471306471306471,5.65567765567766
0.576,0.471264611944078,0.471306471306471,5.65567765567766
0.577,0.471264234890433,0.471306471306471,5.65567765567766
0.578,0.471263863341953,0.471306471306471,5.65567765567766
0.579,0.471263497218593,0.471306471306471,5.65567765567766
0.58,0.471263136441469,0.471306471306471,5.65567765567766
0.581,0.471262780932841,0.471306471306471,5.65567765567766
0.582,0.471262430616091,0.471306471306471,5.65567765567766
0.583,0.471262085415714,0.471306471306471,5.65567765567766
0.584,0.471261745257296,0.471306471306471,5.65567765567766
0.585,0.471261410067504,0.471306471306471,5.65567765567766
0.586,0.471261079774064,0.471306471306471,5.65567765567766
0.587,0.471260754305751,0.471306471306471,5.65567765567766
0.588,0.47126043359237,0.471306471306471,5.65567765567766
0.589,0.471260117564747,0.471306471306471,5.65567765567766
0.59,0.471259806154704,0.471306471306471,5.65567765567766
0.591,0.471259499295058,0.471306471306471,5.65567765567766
0.592,0.471259196919593,0.471306471306471,5.65567765567766
0.593,0.471258898963057,0.471306471306471,5.65567765567766
0.594,0.471258605361141,0.471306471306471,5.65567765567766
0.595,0.471258316050471,0.471306471306471,5.65567765567766
0.596,0.471258030968588,0.471306471306471,5.65567765567766
0.597,0.471257750053941,0.471306471306471,5.65567765567766
0.598,0.47125747324587,0.471306471306471,5.65567765567766
0.599,0.471257200484595,0.471306471306471,5.65567765567766
0.6,0.471256931711202,0.471306471306471,5.65567765567766
0.601,0.471256666867632,0.471306471306471,5.65567765567766
0.602,0.471256405896667,0.471306471306471,5.65567765567766
0.603,0.471256148741918,0.471306471306471,5.65567765567766
0.604,0.471255895347817,0.471306471306471,5.65567765567766
0.605,0.471255645659597,0.471306471306471,5.65567765567766
0.606,0.47125539962329,0.471306471306471,5.65567765567766
0.607,0.471255157185707,0.471306471306471,5.65567765567766
0.608,0.471254918294433,0.471306471306471,5.65567765567766
0.609,0.471254682897811,0.471306471306471,5.65567765567766
0.61,0.471254450944936,0.471306471306471,5.65567765567766
0.611,0.471254222385639,0.471306471306471,5.65567765567766
0.612,0.471253997170481,0.471306471306471,5.65567765567766
0.613,0.471253775250739,0.471306471306471,5.65567765567766
0.614,0.471253556578397,0.471306471306471,5.65567765567766
0.615,0.471253341106136,0.471306471306471,5.65567765567766
0.616,0.471253128787323,0.471306471306471,5.65567765567766
0.617,0.471252919576004,0.471306471306471,5.65567765567766
0.618,0.471252713426888,0.471306471306471,5.65567765567766
0.619,0.471252510295346,0.471306471306471,5.65567765567766
0.62,0.471252310137393,0.471306471306471,5.65567765567766
0.621,0.471252112909684,0.471306471306471,5.65567765567766
0.622,0.471251918569503,0.471306471306471,5.65567765567766
0.623,0.471251727074755,0.471306471306471,5.65567765567766
0.624,0.471251538383956,0.471306471306471,5.65567765567766
0.625,0.471251352456221,0.471306471306471,5.65567765567766
0.626,0.471251169251264,0.471306471306471,5.65567765567766
0.627,0.471250988729381,0.471306471306471,5.65567765567766
0.628,0.471250810851443,0.471306471306471,5.65567765567766
0.629,0.471250635578893,0.471306471306471,5.65567765567766
0.63,0.471250462873732,0.471306471306471,5.65567765567766
0.631,0.471250292698512,0.471306471306471,5.65567765567766
0.632,0.471250125016332,0.471306471306471,5.65567765567766
0.633,0.471249959790822,0.471306471306471,5.65567765567766
0.634,0.471249796986146,0.471306471306471,5.65567765567766
0.635,0.471249636566985,0.471306471306471,5.65567765567766
0.636,0.471249478498535,0.471306471306471,5.65567765567766
0.637,0.471249322746495,0.471306471306471,5.65567765567766
0.638,0.471249169277066,0.471306471306471,5.65567765567766
0.639,0.471249018056937,0.471306471306471,5.65567765567766
0.64,0.471248869053284,0.471306471306471,5.65567765567766
0.641,0.471248722233756,0.471306471306471,5.65567765567766
0.642,0.471248577566478,0.471306471306471,5.65567765567766
0.643,0.471248435020032,0.471306471306471,5.65567765567766
0.644,0.471248294563462,0.471306471306471,5.65567765567766
0.645,0.471248156166257,0.471306471306471,5.65567765567766
0.646,0.471248019798355,0.471306471306471,5.65567765567766
0.647,0.471247885430127,0.471306471306471,5.65567765567766
0.648,0.471247753032375,0.471306471306471,5.65567765567766
0.649,0.471247622576328,0.471306471306471,5.65567765567766
0.65,0.471247494033632,0.471306471306471,5.65567765567766
0.651,0.471247367376344,0.471306471306471,5.65567765567766
0.652,0.47124724257693,0.471306471306471,5.65567765567766
0.653,0.471247119608254,0.471306471306471,5.65567765567766
0.654,0.471246998443576,0.471306471306471,5.65567765567766
0.655,0.471246879056544,0.471306471306471,5.65567765567766
0.656,0.471246761421192,0.471306471306471,5.65567765567766
0.657,0.471246645511928,0.471306471306471,5.65567765567766
0.658,0.471246531303535,0.471306471306471,5.65567765567766
0.659,0.471246418771161,0.471306471306471,5.65567765567766
0.66,0.471246307890316,0.471306471306471,5.65567765567766
0.661,0.471246198636869,0.471306471306471,5.65567765567766
0.662,0.471246090987036,0.471306471306471,5.65567765567766
0.663,0.471245984917382,0.471306471306471,5.65567765567766
0.664,0.471245880404812,0.471306471306471,5.65567765567766
0.665,0.471245777426567,0.471306471306471,5.65567765567766
0.666,0.47124567596022,0.471306471306471,5.65567765567766
0.667,0.471245575983669,0.471306471306471,5.65567765567766
0.668,0.471245477475136,0.471306471306471,5.65567765567766
0.669,0.471245380413158,0.471306471306471,5.65567765567766
0.67,0.471245284776585,0.471306471306471,5.65567765567766
0.671,0.471245190544575,0.471306471306471,5.65567765567766
0.672,0.471245097696591,0.471306471306471,5.65567765567766
0.673,0.471245006212392,0.471306471306471,5.65567765567766
0.674,0.471244916072035,0.471306471306471,5.65567765567766
0.675,0.471244827255864,0.471306471306471,5.65567765567766
0.676,0.471244739744512,0.471306471306471,5.65567765567766
0.677,0.471244653518893,0.471306471306471,5.65567765567766
0.678,0.4712445685602,0.471306471306471,5.65567765567766
0.679,0.471244484849898,0.471306471306471,5.65567765567766
0.68,0.471244402369723,0.471306471306471,5.65567765567766
0.681,0.471244321101679,0.471306471306471,5.65567765567766
0.682,0.471244241028028,0.471306471306471,5.65567765567766
0.683,0.471244162131294,0.471306471306471,5.65567765567766
0.684,0.471244084394254,0.471306471306471,5.65567765567766
0.685,0.471244007799938,0.471306471306471,5.65567765567766
0.686,0.471243932331619,0.471306471306471,5.65567765567766
0.687,0.471243857972818,0.471306471306471,5.65567765567766
0.688,0.471243784707296,0.471306471306471,5.65567765567766
0.689,0.471243712519047,0.471306471306471,5.65567765567766
0.69,0.471243641392301,0.471306471306471,5.65567765567766
0.691,0.471243571311519,0.471306471306471,5.65567765567766
0.692,0.471243502261386,0.471306471306471,5.65567765567766
0.693,0.471243434226811,0.471306471306471,5.65567765567766
0.694,0.471243367192925,0.471306471306471,5.65567765567766
0.695,0.471243301145072,0.471306471306471,5.65567765567766
0.696,0.471243236068813,0.471306471306471,5.65567765567766
0.697,0.471243171949919,0.471306471306471,5.65567765567766
0.698,0.471243108774367,0.471306471306471,5.65567765567766
0.699,0.47124304652834,0.471306471306471,5.65567765567766
0.7,0.471242985198221,0.471306471306471,5.65567765567766
0.701,0.471242924770594,0.471306471306471,5.65567765567766
0.702,0.471242865232236,0.471306471306471,5.65567765567766
0.703,0.471242806570119,0.471306471306471,5.65567765567766
0.704,0.471242748771404,0.471306471306471,5.65567765567766
0.705,0.47124269182344,0.471306471306471,5.65567765567766
0.706,0.471242635713759,0.471306471306471,5.65567765567766
0.707,0.471242580430077,0.471306471306471,5.65567765567766
0.708,0.471242525960288,0.471306471306471,5.65567765567766
0.709,0.471242472292463,0.471306471306471,5.65567765567766
0.71,0.471242419414847,0.471306471306471,5.65567765567766
0.711,0.471242367315856,0.471306471306471,5.65567765567766
0.712,0.471242315984077,0.471306471306471,5.65567765567766
0.713,0.471242265408262,0.471306471306471,5.65567765567766
0.714,0.471242215577327,0.471306471306471,5.65567765567766
0.715,0.471242166480351,0.471306471306471,5.65567765567766
0.716,0.471242118106571,0.471306471306471,5.65567765567766
0.717,0.471242070445382,0.471306471306471,5.65567765567766
0.718,0.471242023486334,0.471306471306471,5.65567765567766
0.719,0.47124197721913,0.471306471306471,5.65567765567766
0.72,0.471241931633621,0.471306471306471,5.65567765567766
0.721,0.471241886719809,0.471306471306471,5.65567765567766
0.722,0.471241842467841,0.471306471306471,5.65567765567766
0.723,0.471241798868008,0.471306471306471,5.65567765567766
0.724,0.471241755910742,0.471306471306471,5.65567765567766
0.725,0.471241713586616,0.471306471306471,5.65567765567766
0.726,0.47124167188634,0.471306471306471,5.65567765567766
0.727,0.471241630800759,0.471306471306471,5.65567765567766
0.728,0.471241590320854,0.471306471306471,5.65567765567766
0.729,0.471241550437736,0.471306471306471,5.65567765567766
0.73,0.471241511142645,0.471306471306471,5.65567765567766
0.731,0.471241472426952,0.471306471306471,5.65567765567766
0.732,0.471241434282152,0.471306471306471,5.65567765567766
0.733,0.471241396699865,0.471306471306471,5.65567765567766
0.734,0.471241359671832,0.471306471306471,5.65567765567766
0.735,0.471241323189916,0.471306471306471,5.65567765567766
0.736,0.4712412872461,0.471306471306471,5.65567765567766
0.737,0.471241251832483,0.471306471306471,5.65567765567766
0.738,0.471241216941278,0.471306471306471,5.65567765567766
0.739,0.471241182564815,0.471306471306471,5.65567765567766
0.74,0.471241148695533,0.471306471306471,5.65567765567766
0.741,0.471241115325985,0.471306471306471,5.65567765567766
0.742,0.471241082448829,0.471306471306471,5.65567765567766
0.743,0.471241050056834,0.471306471306471,5.65567765567766
0.744,0.471241018142873,0.471306471306471,5.65567765567766
0.745,0.471240986699922,0.471306471306471,5.65567765567766
0.746,0.471240955721062,0.471306471306471,5.65567765567766
0.747,0.471240925199474,0.471306471306471,5.65567765567766
0.748,0.47124089512844,0.471306471306471,5.65567765567766
0.749,0.471240865501338,0.471306471306471,5.65567765567766
0.75,0.471240836311645,0.471306471306471,5.65567765567766
0.751,0.471240807552932,0.471306471306471,5.65567765567766
0.752,0.471240779218866,0.471306471306471,5.65567765567766
0.753,0.471240751303204,0.471306471306471,5.65567765567766
0.754,0.471240723799796,0.471306471306471,5.65567765567766
0.755,0.471240696702582,0.471306471306471,5.65567765567766
0.756,0.471240670005591,0.471306471306471,5.65567765567766
0.757,0.471240643702939,0.471306471306471,5.65567765567766
0.758,0.471240617788826,0.471306471306471,5.65567765567766
0.759,0.471240592257541,0.471306471306471,5.65567765567766
0.76,0.471240567103454,0.471306471306471,5.65567765567766
0.761,0.471240542321017,0.471306471306471,5.65567765567766
0.762,0.471240517904765,0.471306471306471,5.65567765567766
0.763,0.471240493849312,0.471306471306471,5.65567765567766
0.764,0.471240470149351,0.471306471306471,5.65567765567766
0.765,0.471240446799652,0.471306471306471,5.65567765567766
0.766,0.471240423795064,0.471306471306471,5.65567765567766
0.767,0.471240401130509,0.471306471306471,5.65567765567766
0.768,0.471240378800983,0.471306471306471,5.65567765567766
0.769,0.471240356801558,0.471306471306471,5.65567765567766
0.77,0.471240335127376,0.471306471306471,5.65567765567766
0.771,0.471240313773651,0.471306471306471,5.65567765567766
0.772,0.471240292735666,0.471306471306471,5.65567765567766
0.773,0.471240272008776,0.471306471306471,5.65567765567766
0.774,0.4712402515884,0.471306471306471,5.65567765567766
0.775,0.471240231470028,0.471306471306471,5.65567765567766
0.776,0.471240211649213,0.471306471306471,5.65567765567766
0.777,0.471240192121576,0.471306471306471,5.65567765567766
0.778,0.471240172882799,0.471306471306471,5.65567765567766
0.779,0.47124015392863,0.471306471306471,5.65567765567766
0.78,0.471240135254877,0.471306471306471,5.65567765567766
0.781,0.471240116857413,0.471306471306471,5.65567765567766
0.782,0.471240098732167,0.471306471306471,5.65567765567766
0.783,0.471240080875131,0.471306471306471,5.65567765567766
0.784,0.471240063282355,0.471306471306471,5.65567765567766
0.785,0.471240045949946,0.471306471306471,5.65567765567766
0.786,0.471240028874069,0.471306471306471,5.65567765567766
0.787,0.471240012050944,0.471306471306471,5.65567765567766
0.788,0.471239995476849,0.471306471306471,5.65567765567766
0.789,0.471239979148114,0.471306471306471,5.65567765567766
0.79,0.471239963061124,0.471306471306471,5.65567765567766
0.791,0.471239947212317,0.471306471306471,5.65567765567766
0.792,0.471239931598182,0.471306471306471,5.65567765567766
0.793,0.471239916215262,0.471306471306471,5.65567765567766
0.794,0.471239901060148,0.471306471306471,5.65567765567766
0.795,0.471239886129484,0.471306471306471,5.65567765567766
0.796,0.47123987141996,0.471306471306471,5.65567765567766
0.797,0.471239856928317,0.471306471306471,5.65567765567766
0.798,0.471239842651342,0.471306471306471,5.65567765567766
0.799,0.471239828585871,0.471306471306471,5.65567765567766
0.8,0.471239814728785,0.471306471306471,5.65567765567766
0.801,0.471239801077012,0.471306471306471,5.65567765567766
0.802,0.471239787627524,0.471306471306471,5.65567765567766
0.803,0.471239774377337,0.471306471306471,5.65567765567766
0.804,0.471239761323513,0.471306471306471,5.65567765567766
0.805,0.471239748463156,0.471306471306471,5.65567765567766
0.806,0.471239735793411,0.471306471306471,5.65567765567766
0.807,0.471239723311467,0.471306471306471,5.65567765567766
0.808,0.471239711014553,0.471306471306471,5.65567765567766
0.809,0.47123969889994,0.471306471306471,5.65567765567766
0.81,0.471239686964938,0.471306471306471,5.65567765567766
0.811,0.471239675206897,0.471306471306471,5.65567765567766
0.812,0.471239663623205,0.471306471306471,5.65567765567766
0.813,0.47123965221129,0.471306471306471,5.65567765567766
0.814,0.471239640968617,0.471306471306471,5.65567765567766
0.815,0.471239629892686,0.471306471306471,5.65567765567766
0.816,0.471239618981039,0.471306471306471,5.65567765567766
0.817,0.471239608231248,0.471306471306471,5.65567765567766
0.818,0.471239597640926,0.471306471306471,5.65567765567766
0.819,0.471239587207717,0.471306471306471,5.65567765567766
0.82,0.471239576929303,0.471306471306471,5.65567765567766
0.821,0.471239566803397,0.471306471306471,5.65567765567766
0.822,0.471239556827748,0.471306471306471,5.65567765567766
0.823,0.471239547000136,0.471306471306471,5.65567765567766
0.824,0.471239537318376,0.471306471306471,5.65567765567766
0.825,0.471239527780313,0.471306471306471,5.65567765567766
0.826,0.471239518383824,0.471306471306471,5.65567765567766
0.827,0.47123950912682,0.471306471306471,5.65567765567766
0.828,0.471239500007238,0.471306471306471,5.65567765567766
0.829,0.47123949102305,0.471306471306471,5.65567765567766
0.83,0.471239482172254,0.471306471306471,5.65567765567766
0.831,0.471239473452879,0.471306471306471,5.65567765567766
0.832,0.471239464862984,0.471306471306471,5.65567765567766
0.833,0.471239456400656,0.471306471306471,5.65567765567766
0.834,0.471239448064008,0.471306471306471,5.65567765567766
0.835,0.471239439851184,0.471306471306471,5.65567765567766
0.836,0.471239431760354,0.471306471306471,5.65567765567766
0.837,0.471239423789713,0.471306471306471,5.65567765567766
0.838,0.471239415937486,0.471306471306471,5.65567765567766
0.839,0.471239408201922,0.471306471306471,5.65567765567766
0.84,0.471239400581296,0.471306471306471,5.65567765567766
0.841,0.471239393073908,0.471306471306471,5.65567765567766
0.842,0.471239385678085,0.471306471306471,5.65567765567766
0.843,0.471239378392176,0.471306471306471,5.65567765567766
0.844,0.471239371214556,0.471306471306471,5.65567765567766
0.845,0.471239364143623,0.471306471306471,5.65567765567766
0.846,0.4712393571778,0.471306471306471,5.65567765567766
0.847,0.471239350315531,0.471306471306471,5.65567765567766
0.848,0.471239343555285,0.471306471306471,5.65567765567766
0.849,0.471239336895552,0.471306471306471,5.65567765567766
0.85,0.471239330334846,0.471306471306471,5.65567765567766
0.851,0.471239323871701,0.471306471306471,5.65567765567766
0.852,0.471239317504673,0.471306471306471,5.65567765567766
0.853,0.471239311232341,0.471306471306471,5.65567765567766
0.854,0.471239305053302,0.471306471306471,5.65567765567766
0.855,0.471239298966176,0.471306471306471,5.65567765567766
0.856,0.471239292969603,0.471306471306471,5.65567765567766
0.857,0.471239287062242,0.471306471306471,5.65567765567766
0.858,0.471239281242773,0.471306471306471,5.65567765567766
0.859,0.471239275509894,0.471306471306471,5.65567765567766
0.86,0.471239269862323,0.471306471306471,5.65567765567766
0.861,0.471239264298798,0.471306471306471,5.65567765567766
0.862,0.471239258818074,0.471306471306471,5.65567765567766
0.863,0.471239253418924,0.471306471306471,5.65567765567766
0.864,0.471239248100141,0.471306471306471,5.65567765567766
0.865,0.471239242860534,0.471306471306471,5.65567765567766
0.866,0.471239237698931,0.471306471306471,5.65567765567766
0.867,0.471239232614176,0.471306471306471,5.65567765567766
0.868,0.471239227605131,0.471306471306471,5.65567765567766
0.869,0.471239222670674,0.471306471306471,5.65567765567766
0.87,0.471239217809699,0.471306471306471,5.65567765567766
0.871,0.471239213021119,0.471306471306471,5.65567765567766
0.872,0.471239208303861,0.471306471306471,5.65567765567766
0.873,0.471239203656867,0.471306471306471,5.65567765567766
0.874,0.471239199079096,0.471306471306471,5.65567765567766
0.875,0.471239194569523,0.471306471306471,5.65567765567766
0.876,0.471239190127136,0.471306471306471,5.65567765567766
0.877,0.47123918575094,0.471306471306471,5.65567765567766
0.878,0.471239181439953,0.471306471306471,5.65567765567766
0.879,0.471239177193208,0.471306471306471,5.65567765567766
0.88,0.471239173009754,0.471306471306471,5.65567765567766
0.881,0.471239168888651,0.471306471306471,5.65567765567766
0.882,0.471239164828975,0.471306471306471,5.65567765567766
0.883,0.471239160829815,0.471306471306471,5.65567765567766
0.884,0.471239156890274,0.471306471306471,5.65567765567766
0.885,0.471239153009468,0.471306471306471,5.65567765567766
0.886,0.471239149186524,0.471306471306471,5.65567765567766
0.887,0.471239145420586,0.471306471306471,5.65567765567766
0.888,0.471239141710806,0.471306471306471,5.65567765567766
0.889,0.471239138056353,0.471306471306471,5.65567765567766
0.89,0.471239134456404,0.471306471306471,5.65567765567766
0.891,0.471239130910152,0.471306471306471,5.65567765567766
0.892,0.4712391274168,0.471306471306471,5.65567765567766
0.893,0.471239123975562,0.471306471306471,5.65567765567766
0.894,0.471239120585665,0.471306471306471,5.65567765567766
0.895,0.471239117246347,0.471306471306471,5.65567765567766
0.896,0.471239113956857,0.471306471306471,5.65567765567766
0.897,0.471239110716456,0.471306471306471,5.65567765567766
0.898,0.471239107524414,0.471306471306471,5.65567765567766
0.899,0.471239104380015,0.471306471306471,5.65567765567766
0.9,0.471239101282549,0.471306471306471,5.65567765567766
0.901,0.471239098231321,0.471306471306471,5.65567765567766
0.902,0.471239095225644,0.471306471306471,5.65567765567766
0.903,0.471239092264842,0.471306471306471,5.65567765567766
0.904,0.471239089348247,0.471306471306471,5.65567765567766
0.905,0.471239086475204,0.471306471306471,5.65567765567766
0.906,0.471239083645065,0.471306471306471,5.65567765567766
0.907,0.471239080857192,0.471306471306471,5.65567765567766
0.908,0.471239078110959,0.471306471306471,5.65567765567766
0.909,0.471239075405746,0.471306471306471,5.65567765567766
0.91,0.471239072740944,0.471306471306471,5.65567765567766
0.911,0.471239070115952,0.471306471306471,5.65567765567766
0.912,0.471239067530179,0.471306471306471,5.65567765567766
0.913,0.471239064983042,0.471306471306471,5.65567765567766
0.914,0.471239062473966,0.471306471306471,5.65567765567766
0.915,0.471239060002386,0.471306471306471,5.65567765567766
0.916,0.471239057567745,0.471306471306471,5.65567765567766
0.917,0.471239055169492,0.471306471306471,5.65567765567766
0.918,0.471239052807088,0.471306471306471,5.65567765567766
0.919,0.471239050479999,0.471306471306471,5.65567765567766
0.92,0.471239048187701,0.471306471306471,5.65567765567766
0.921,0.471239045929675,0.471306471306471,5.65567765567766
0.922,0.471239043705412,0.471306471306471,5.65567765567766
0.923,0.471239041514409,0.471306471306471,5.65567765567766
0.924,0.471239039356173,0.471306471306471,5.65567765567766
0.925,0.471239037230216,0.471306471306471,5.65567765567766
0.926,0.471239035136057,0.471306471306471,5.65567765567766
0.927,0.471239033073224,0.471306471306471,5.65567765567766
0.928,0.471239031041249,0.471306471306471,5.65567765567766
0.929,0.471239029039675,0.471306471306471,5.65567765567766
0.93,0.471239027068049,0.471306471306471,5.65567765567766
0.931,0.471239025125925,0.471306471306471,5.65567765567766
0.932,0.471239023212864,0.471306471306471,5.65567765567766
0.933,0.471239021328433,0.471306471306471,5.65567765567766
0.934,0.471239019472207,0.471306471306471,5.65567765567766
0.935,0.471239017643764,0.471306471306471,5.65567765567766
0.936,0.471239015842693,0.471306471306471,5.65567765567766
0.937,0.471239014068584,0.471306471306471,5.65567765567766
0.938,0.471239012321038,0.471306471306471,5.65567765567766
0.939,0.471239010599658,0.471306471306471,5.65567765567766
0.94,0.471239008904054,0.471306471306471,5.65567765567766
0.941,0.471239007233842,0.471306471306471,5.65567765567766
0.942,0.471239005588646,0.471306471306471,5.65567765567766
0.943,0.47123900396809,0.471306471306471,5.65567765567766
0.944,0.47123900237181,0.471306471306471,5.65567765567766
0.945,0.471239000799443,0.471306471306471,5.65567765567766
0.946,0.471238999250632,0.471306471306471,5.65567765567766
0.947,0.471238997725027,0.471306471306471,5.65567765567766
0.948,0.471238996222282,0.471306471306471,5.65567765567766
0.949,0.471238994742057,0.471306471306471,5.65567765567766
0.95,0.471238993284015,0.471306471306471,5.65567765567766
0.951,0.471238991847826,0.471306471306471,5.65567765567766
0.952,0.471238990433164,0.471306471306471,5.65567765567766
0.953,0.471238989039709,0.471306471306471,5.65567765567766
0.954,0.471238987667144,0.471306471306471,5.65567765567766
0.955,0.471238986315158,0.471306471306471,5.65567765567766
0.956,0.471238984983444,0.471306471306471,5.65567765567766
0.957,0.471238983671699,0.471306471306471,5.65567765567766
0.958,0.471238982379626,0.471306471306471,5.65567765567766
0.959,0.471238981106932,0.471306471306471,5.65567765567766
0.96,0.471238979853327,0.471306471306471,5.65567765567766
0.961,0.471238978618526,0.471306471306471,5.65567765567766
0.962,0.47123897740225,0.471306471306471,5.65567765567766
0.963,0.471238976204222,0.471306471306471,5.65567765567766
0.964,0.471238975024169,0.471306471306471,5.65567765567766
0.965,0.471238973861823,0.471306471306471,5.65567765567766
0.966,0.471238972716921,0.471306471306471,5.65567765567766
0.967,0.471238971589201,0.471306471306471,5.65567765567766
0.968,0.471238970478408,0.471306471306471,5.65567765567766
0.969,0.471238969384288,0.471306471306471,5.65567765567766
0.97,0.471238968306594,0.471306471306471,5.65567765567766
0.971,0.471238967245079,0.471306471306471,5.65567765567766
0.972,0.471238966199501,0.471306471306471,5.65567765567766
0.973,0.471238965169624,0.471306471306471,5.65567765567766
0.974,0.471238964155213,0.471306471306471,5.65567765567766
0.975,0.471238963156037,0.471306471306471,5.65567765567766
0.976,0.471238962171867,0.471306471306471,5.65567765567766
0.977,0.471238961202481,0.471306471306471,5.65567765567766
0.978,0.471238960247657,0.471306471306471,5.65567765567766
0.979,0.471238959307178,0.471306471306471,5.65567765567766
0.98,0.471238958380829,0.471306471306471,5.65567765567766
0.981,0.4712389574684,0.471306471306471,5.65567765567766
0.982,0.471238956569682,0.471306471306471,5.65567765567766
0.983,0.47123895568447,0.471306471306471,5.65567765567766
0.984,0.471238954812564,0.471306471306471,5.65567765567766
0.985,0.471238953953763,0.471306471306471,5.65567765567766
0.986,0.471238953107872,0.471306471306471,5.65567765567766
0.987,0.471238952274698,0.471306471306471,5.65567765567766
0.988,0.471238951454051,0.471306471306471,5.65567765567766
0.989,0.471238950645744,0.471306471306471,5.65567765567766
0.99,0.471238949849592,0.471306471306471,5.65567765567766
0.991,0.471238949065413,0.471306471306471,5.65567765567766
0.992,0.471238948293029,0.471306471306471,5.65567765567766
0.993,0.471238947532262,0.471306471306471,5.65567765567766
0.994,0.47123894678294,0.471306471306471,5.65567765567766
0.995,0.471238946044891,0.471306471306471,5.65567765567766
0.996,0.471238945317947,0.471306471306471,5.65567765567766
0.997,0.47123894460194,0.471306471306471,5.65567765567766
0.998,0.471238943896709,0.471306471306471,5.65567765567766
0.999,0.471238943202091,0.471306471306471,5.65567765567766
1,0.471238942517928,0.471306471306471,5.65567765567766
